date,symbol,cash,shares,close,position_value,portfolio_value,daily_pnl,daily_return,breakout_signal,rolling_high,atr,window_test_start
2023-01-24 14:30:00,XLE,100000.0,0,45.125,0.0,100000.0,0.0,0.0,False,45.79499816894531,1.001070840018136,2023-01-04 14:30:00
2023-01-25 14:30:00,XLE,100000.0,0,45.130001068115234,0.0,100000.0,0.0,0.0,False,45.79499816894531,0.994999749319894,2023-01-04 14:30:00
2023-01-26 14:30:00,XLE,100000.0,0,46.55500030517578,0.0,100000.0,0.0,0.0,True,45.79499816894531,1.012856892177037,2023-01-04 14:30:00
2023-01-27 14:30:00,XLE,27.50434112548828,2159,45.6150016784668,98482.78862380981,98510.2929649353,-1489.7070350646973,-0.014897070350647024,False,46.57500076293945,0.9889283861432757,2023-01-04 14:30:00
2023-01-30 14:30:00,XLE,27.50434112548828,2159,44.56999969482422,96226.62934112549,96254.13368225098,-2256.159282684326,-0.02290277710865607,False,46.57500076293945,0.994643075125558,2023-01-04 14:30:00
2023-01-31 14:30:00,XLE,95930.28038787842,0,44.96500015258789,0.0,95930.28038787842,-323.8532943725586,-0.0033645650527762694,False,46.57500076293945,1.015357153756278,2023-01-04 14:30:00
2023-02-01 14:30:00,XLE,95930.28038787842,0,44.08000183105469,0.0,95930.28038787842,0.0,0.0,False,46.57500076293945,1.0603572300502233,2023-01-04 14:30:00
2023-02-02 14:30:00,XLE,95930.28038787842,0,43.07500076293945,0.0,95930.28038787842,0.0,0.0,False,46.57500076293945,1.085357393537249,2023-01-04 14:30:00
2023-02-03 14:30:00,XLE,95930.28038787842,0,42.97999954223633,0.0,95930.28038787842,0.0,0.0,False,46.57500076293945,1.109286172049386,2023-01-04 14:30:00
2023-02-06 14:30:00,XLE,95930.28038787842,0,42.78499984741211,0.0,95930.28038787842,0.0,0.0,False,46.57500076293945,1.140000479561942,2023-01-04 14:30:00
2023-02-07 14:30:00,XLE,95930.28038787842,0,44.17499923706055,0.0,95930.28038787842,0.0,0.0,False,46.57500076293945,1.1307149614606584,2023-01-04 14:30:00
2023-02-08 14:30:00,XLE,95930.28038787842,0,43.779998779296875,0.0,95930.28038787842,0.0,0.0,False,46.57500076293945,1.1132153102329798,2023-01-04 14:30:00
2023-02-09 14:30:00,XLE,95930.28038787842,0,43.404998779296875,0.0,95930.28038787842,0.0,0.0,False,46.57500076293945,1.0839296068464006,2023-01-04 14:30:00
2023-02-10 14:30:00,XLE,95930.28038787842,0,45.10499954223633,0.0,95930.28038787842,0.0,0.0,False,46.53499984741211,1.1660725729806083,2023-01-04 14:30:00
2023-02-13 14:30:00,XLE,95930.28038787842,0,44.9900016784668,0.0,95930.28038787842,0.0,0.0,False,45.349998474121094,1.1435726710728236,2023-01-04 14:30:00
2023-02-14 14:30:00,XLE,95930.28038787842,0,45.005001068115234,0.0,95930.28038787842,0.0,0.0,False,45.19499969482422,1.1353582654680525,2023-01-04 14:30:00
2023-02-15 14:30:00,XLE,95930.28038787842,0,44.2400016784668,0.0,95930.28038787842,0.0,0.0,False,45.334999084472656,1.1271441323416573,2023-01-04 14:30:00
2023-02-16 14:30:00,XLE,95930.28038787842,0,43.80500030517578,0.0,95930.28038787842,0.0,0.0,False,45.334999084472656,1.0989300864083427,2023-01-04 14:30:00
2023-02-17 14:30:00,XLE,95930.28038787842,0,42.244998931884766,0.0,95930.28038787842,0.0,0.0,False,45.334999084472656,1.144644056047712,2023-01-04 14:30:00
2023-02-21 14:30:00,XLE,95930.28038787842,0,42.03499984741211,0.0,95930.28038787842,0.0,0.0,False,45.334999084472656,1.108572551182338,2023-01-04 14:30:00
2023-02-22 14:30:00,XLE,95930.28038787842,0,41.755001068115234,0.0,95930.28038787842,0.0,0.0,False,45.334999084472656,1.069643838065011,2023-01-04 14:30:00
2023-02-23 14:30:00,XLE,95930.28038787842,0,42.3849983215332,0.0,95930.28038787842,0.0,0.0,False,45.334999084472656,1.0264293125697546,2023-01-04 14:30:00
2023-02-24 14:30:00,XLE,95930.28038787842,0,42.33000183105469,0.0,95930.28038787842,0.0,0.0,False,45.334999084472656,1.0157149178641183,2023-01-04 14:30:00
2023-02-27 14:30:00,XLE,95930.28038787842,0,42.45500183105469,0.0,95930.28038787842,0.0,0.0,False,45.334999084472656,0.9764289855957031,2023-01-04 14:30:00
2023-02-28 14:30:00,XLE,95930.28038787842,0,41.845001220703125,0.0,95930.28038787842,0.0,0.0,False,45.334999084472656,0.9503574371337891,2023-01-04 14:30:00
2023-03-01 14:30:00,XLE,95930.28038787842,0,42.66999816894531,0.0,95930.28038787842,0.0,0.0,False,45.334999084472656,0.9735715048653739,2023-01-04 14:30:00
2023-03-02 14:30:00,XLE,95930.28038787842,0,43.04499816894531,0.0,95930.28038787842,0.0,0.0,False,44.595001220703125,0.9875003269740513,2023-01-04 14:30:00
2023-03-03 14:30:00,XLE,95930.28038787842,0,43.630001068115234,0.0,95930.28038787842,0.0,0.0,False,44.380001068115234,0.9557146344866071,2023-01-04 14:30:00
2023-03-06 14:30:00,XLE,95930.28038787842,0,43.650001525878906,0.0,95930.28038787842,0.0,0.0,False,43.845001220703125,0.9378574916294643,2023-01-04 14:30:00
2023-03-07 14:30:00,XLE,95930.28038787842,0,42.88999938964844,0.0,95930.28038787842,0.0,0.0,False,43.845001220703125,0.9410719190325055,2023-01-04 14:30:00
2023-03-08 14:30:00,XLE,95930.28038787842,0,42.45000076293945,0.0,95930.28038787842,0.0,0.0,False,43.845001220703125,0.932143075125558,2023-01-04 14:30:00
2023-03-09 14:30:00,XLE,95930.28038787842,0,41.849998474121094,0.0,95930.28038787842,0.0,0.0,False,43.845001220703125,0.9917855943952288,2023-01-04 14:30:00
2023-03-10 14:30:00,XLE,95930.28038787842,0,41.314998626708984,0.0,95930.28038787842,0.0,0.0,False,43.845001220703125,0.9646426609584263,2023-01-04 14:30:00
2023-03-13 13:30:00,XLE,95930.28038787842,0,40.474998474121094,0.0,95930.28038787842,0.0,0.0,False,43.845001220703125,1.049999782017299,2023-01-04 14:30:00
2023-03-14 13:30:00,XLE,95930.28038787842,0,40.875,0.0,95930.28038787842,0.0,0.0,False,43.845001220703125,1.1007142748151506,2023-01-04 14:30:00
2023-03-15 13:30:00,XLE,95930.28038787842,0,38.68000030517578,0.0,95930.28038787842,0.0,0.0,False,43.845001220703125,1.2350000653948103,2023-01-04 14:30:00
2023-03-16 13:30:00,XLE,95930.28038787842,0,39.099998474121094,0.0,95930.28038787842,0.0,0.0,False,43.845001220703125,1.2814287458147322,2023-01-04 14:30:00
2023-03-17 13:30:00,XLE,95930.28038787842,0,38.48500061035156,0.0,95930.28038787842,0.0,0.0,False,43.845001220703125,1.3167860848563058,2023-01-04 14:30:00
2023-03-20 13:30:00,XLE,95930.28038787842,0,38.849998474121094,0.0,95930.28038787842,0.0,0.0,False,43.720001220703125,1.3139288766043526,2023-01-04 14:30:00
2023-03-21 13:30:00,XLE,95930.28038787842,0,40.19499969482422,0.0,95930.28038787842,0.0,0.0,False,43.5,1.3360718318394251,2023-01-04 14:30:00
2023-03-22 13:30:00,XLE,95930.28038787842,0,39.34000015258789,0.0,95930.28038787842,0.0,0.0,False,43.29499816894531,1.3610714503696986,2023-01-04 14:30:00
2023-03-23 13:30:00,XLE,95930.28038787842,0,38.79499816894531,0.0,95930.28038787842,0.0,0.0,False,43.29499816894531,1.3707144601004464,2023-01-04 14:30:00
2023-03-24 13:30:00,XLE,95930.28038787842,0,38.94499969482422,0.0,95930.28038787842,0.0,0.0,False,42.439998626708984,1.4196431296212333,2023-01-04 14:30:00
2023-03-27 13:30:00,XLE,95930.28038787842,0,39.775001525878906,0.0,95930.28038787842,0.0,0.0,False,41.78499984741211,1.4328572409493583,2023-01-04 14:30:00
2023-03-28 13:30:00,XLE,95930.28038787842,0,40.38999938964844,0.0,95930.28038787842,0.0,0.0,False,41.78499984741211,1.4203572954450334,2023-01-04 14:30:00
2023-03-29 13:30:00,XLE,95930.28038787842,0,40.95000076293945,0.0,95930.28038787842,0.0,0.0,True,40.564998626708984,1.3596431187220983,2023-01-04 14:30:00
2023-03-30 13:30:00,XLE,-4032.8118286132812,2421,41.130001068115234,99575.73258590698,95542.9207572937,-387.3596305847168,-0.00403792868131414,True,40.994998931884766,1.2950003487723214,2023-01-04 14:30:00
2023-03-31 13:30:00,XLE,-4032.8118286132812,2421,41.415000915527344,100265.7172164917,96232.90538787842,689.9846305847168,0.007221724279682373,True,41.349998474121094,1.1978577205113001,2023-01-04 14:30:00
2023-04-03 13:30:00,XLE,-4032.8118286132812,2421,43.290000915527344,104805.0922164917,100772.28038787842,4539.375,0.04717071548139895,True,41.48500061035156,1.2353575570242745,2023-01-04 14:30:00
2023-04-04 13:30:00,XLE,-4032.8118286132812,2421,42.505001068115234,102904.60758590698,98871.7957572937,-1900.4846305847168,-0.018859200399848453,False,43.56999969482422,1.135000228881836,2023-01-04 14:30:00
2023-04-25 13:30:00,XLE,100000.0,0,42.33000183105469,0.0,100000.0,1128.2042427062988,0.011410779323516751,False,43.869998931884766,0.7274998256138393,2023-04-05 13:30:00
2023-04-26 13:30:00,XLE,100000.0,0,41.76499938964844,0.0,100000.0,0.0,0.0,False,43.869998931884766,0.7289284297398159,2023-04-05 13:30:00
2023-04-27 13:30:00,XLE,100000.0,0,41.915000915527344,0.0,100000.0,0.0,0.0,False,43.869998931884766,0.724285398210798,2023-04-05 13:30:00
2023-04-28 13:30:00,XLE,100000.0,0,42.564998626708984,0.0,100000.0,0.0,0.0,False,43.869998931884766,0.7489283425467355,2023-04-05 13:30:00
2023-05-01 13:30:00,XLE,100000.0,0,42.084999084472656,0.0,100000.0,0.0,0.0,False,43.650001525878906,0.7507138933454242,2023-04-05 13:30:00
2023-05-02 13:30:00,XLE,100000.0,0,40.255001068115234,0.0,100000.0,0.0,0.0,False,43.380001068115234,0.8739280700683594,2023-04-05 13:30:00
2023-05-03 13:30:00,XLE,100000.0,0,39.494998931884766,0.0,100000.0,0.0,0.0,False,43.34000015258789,0.8899996621268136,2023-04-05 13:30:00
2023-05-04 13:30:00,XLE,100000.0,0,39.05500030517578,0.0,100000.0,0.0,0.0,False,43.34000015258789,0.9232139587402344,2023-04-05 13:30:00
2023-05-05 13:30:00,XLE,100000.0,0,40.1150016784668,0.0,100000.0,0.0,0.0,False,43.34000015258789,0.9714281899588448,2023-04-05 13:30:00
2023-05-08 13:30:00,XLE,100000.0,0,40.1150016784668,0.0,100000.0,0.0,0.0,False,43.34000015258789,0.9835709163120815,2023-04-05 13:30:00
2023-05-09 13:30:00,XLE,100000.0,0,40.130001068115234,0.0,100000.0,0.0,0.0,False,42.79499816894531,0.995713642665318,2023-04-05 13:30:00
2023-05-10 13:30:00,XLE,100000.0,0,39.67499923706055,0.0,100000.0,0.0,0.0,False,42.79499816894531,1.0053566523960658,2023-04-05 13:30:00
2023-05-11 13:30:00,XLE,100000.0,0,39.20000076293945,0.0,100000.0,0.0,0.0,False,42.79499816894531,1.016784940447126,2023-04-05 13:30:00
2023-05-12 13:30:00,XLE,100000.0,0,39.2599983215332,0.0,100000.0,0.0,0.0,False,42.79499816894531,0.9942850385393415,2023-04-05 13:30:00
2023-05-15 13:30:00,XLE,100000.0,0,39.459999084472656,0.0,100000.0,0.0,0.0,False,42.540000915527344,0.9607137952532087,2023-04-05 13:30:00
2023-05-16 13:30:00,XLE,100000.0,0,38.4900016784668,0.0,100000.0,0.0,0.0,False,41.64500045776367,0.969285147530692,2023-04-05 13:30:00
2023-05-17 13:30:00,XLE,100000.0,0,39.22999954223633,0.0,100000.0,0.0,0.0,False,40.875,0.9889278411865234,2023-04-05 13:30:00
2023-05-18 13:30:00,XLE,100000.0,0,39.51499938964844,0.0,100000.0,0.0,0.0,False,40.875,0.9632135118756976,2023-04-05 13:30:00
2023-05-19 13:30:00,XLE,100000.0,0,39.81999969482422,0.0,100000.0,0.0,0.0,False,40.875,0.9567852020263672,2023-04-05 13:30:00
2023-05-22 13:30:00,XLE,100000.0,0,39.654998779296875,0.0,100000.0,0.0,0.0,False,40.875,0.8317852020263672,2023-04-05 13:30:00
2023-05-23 13:30:00,XLE,100000.0,0,40.08000183105469,0.0,100000.0,0.0,0.0,False,40.5099983215332,0.839285169328962,2023-04-05 13:30:00
2023-05-24 13:30:00,XLE,100000.0,0,40.255001068115234,0.0,100000.0,0.0,0.0,False,40.53499984741211,0.8160708291190011,2023-04-05 13:30:00
2023-05-25 13:30:00,XLE,100000.0,0,39.540000915527344,0.0,100000.0,0.0,0.0,False,40.564998626708984,0.7953567504882812,2023-04-05 13:30:00
2023-05-26 13:30:00,XLE,100000.0,0,39.3849983215332,0.0,100000.0,0.0,0.0,False,40.564998626708984,0.7914281572614398,2023-04-05 13:30:00
2023-05-30 13:30:00,XLE,100000.0,0,38.97999954223633,0.0,100000.0,0.0,0.0,False,40.564998626708984,0.7942853655133929,2023-04-05 13:30:00
2023-05-31 13:30:00,XLE,100000.0,0,38.29499816894531,0.0,100000.0,0.0,0.0,False,40.564998626708984,0.7785709926060268,2023-04-05 13:30:00
2023-06-01 13:30:00,XLE,100000.0,0,38.77000045776367,0.0,100000.0,0.0,0.0,False,40.564998626708984,0.8003570011683873,2023-04-05 13:30:00
2023-06-02 13:30:00,XLE,100000.0,0,39.95000076293945,0.0,100000.0,0.0,0.0,False,40.564998626708984,0.849285398210798,2023-04-05 13:30:00
2023-06-05 13:30:00,XLE,100000.0,0,39.685001373291016,0.0,100000.0,0.0,0.0,False,40.564998626708984,0.872856685093471,2023-04-05 13:30:00
2023-06-06 13:30:00,XLE,100000.0,0,40.005001068115234,0.0,100000.0,0.0,0.0,False,40.564998626708984,0.8649997711181641,2023-04-05 13:30:00
2023-06-07 13:30:00,XLE,100000.0,0,41.064998626708984,0.0,100000.0,0.0,0.0,True,40.564998626708984,0.8764286041259766,2023-04-05 13:30:00
2023-06-08 13:30:00,XLE,37.282596588134766,2431,40.88999938964844,99403.58851623535,99440.87111282349,-559.1288871765137,-0.005591288871765188,False,41.1150016784668,0.893214362008231,2023-04-05 13:30:00
2023-06-09 13:30:00,XLE,37.282596588134766,2431,40.665000915527344,98856.61722564697,98893.89982223511,-546.9712905883789,-0.0055004676092167415,False,41.2599983215332,0.8860713413783482,2023-04-05 13:30:00
2023-06-12 13:30:00,XLE,37.282596588134766,2431,40.275001525878906,97908.52870941162,97945.81130599976,-948.0885162353516,-0.009586926169759424,False,41.2599983215332,0.9014284951346261,2023-04-05 13:30:00
2023-06-13 13:30:00,XLE,37.282596588134766,2431,40.46500015258789,98370.41537094116,98407.6979675293,461.886661529541,0.004715736746378374,False,41.2599983215332,0.9089281899588448,2023-04-05 13:30:00
2023-06-14 13:30:00,XLE,37.282596588134766,2431,40.04999923706055,97361.54814529419,97398.83074188232,-1008.8672256469727,-0.010251913686466496,False,41.2599983215332,0.9549996512276786,2023-04-05 13:30:00
2023-06-15 13:30:00,XLE,37.282596588134766,2431,40.4900016784668,98431.19408035278,98468.47667694092,1069.6459350585938,0.010982122956827656,False,41.2599983215332,0.9307136535644531,2023-04-05 13:30:00
2023-06-16 13:30:00,XLE,37.282596588134766,2431,40.43000030517578,98285.33074188232,98322.61333847046,-145.86333847045898,-0.001481320148264409,False,41.2599983215332,0.9114281790597099,2023-04-05 13:30:00
2023-06-20 13:30:00,XLE,37.282596588134766,2431,39.18000030517578,95246.58074188232,95283.86333847046,-3038.75,-0.030905911639464434,False,41.2599983215332,0.9621426718575614,2023-04-05 13:30:00
2023-06-21 13:30:00,XLE,94894.90370941162,0,39.4900016784668,0.0,94894.90370941162,-388.9596290588379,-0.004082114383598845,False,41.2599983215332,0.9657143184116909,2023-04-05 13:30:00
2023-06-22 13:30:00,XLE,94894.90370941162,0,38.959999084472656,0.0,94894.90370941162,0.0,0.0,False,41.2599983215332,0.9367858341761998,2023-04-05 13:30:00
2023-06-23 13:30:00,XLE,94894.90370941162,0,38.68000030517578,0.0,94894.90370941162,0.0,0.0,False,41.2599983215332,0.8817858014787946,2023-04-05 13:30:00
2023-06-26 13:30:00,XLE,94894.90370941162,0,39.375,0.0,94894.90370941162,0.0,0.0,False,41.2599983215332,0.8828574589320591,2023-04-05 13:30:00
2023-06-27 13:30:00,XLE,94894.90370941162,0,39.46500015258789,0.0,94894.90370941162,0.0,0.0,False,41.2599983215332,0.8550000871930804,2023-04-05 13:30:00
2023-06-28 13:30:00,XLE,94894.90370941162,0,39.8650016784668,0.0,94894.90370941162,0.0,0.0,False,41.2599983215332,0.8357143402099609,2023-04-05 13:30:00
2023-06-29 13:30:00,XLE,94894.90370941162,0,40.32500076293945,0.0,94894.90370941162,0.0,0.0,False,41.04499816894531,0.7982145036969867,2023-04-05 13:30:00
2023-06-30 13:30:00,XLE,94894.90370941162,0,40.584999084472656,0.0,94894.90370941162,0.0,0.0,False,40.79499816894531,0.796428952898298,2023-04-05 13:30:00
2023-07-03 13:30:00,XLE,94894.90370941162,0,40.68000030517578,0.0,94894.90370941162,0.0,0.0,False,40.790000915527344,0.7803576333182198,2023-04-05 13:30:00
2023-07-05 13:30:00,XLE,94894.90370941162,0,40.45500183105469,0.0,94894.90370941162,0.0,0.0,False,40.98500061035156,0.7553580147879464,2023-04-05 13:30:00
2023-07-06 13:30:00,XLE,94894.90370941162,0,39.54499816894531,0.0,94894.90370941162,0.0,0.0,False,40.98500061035156,0.7492869240897042,2023-04-05 13:30:00
2023-07-26 13:30:00,XLE,100000.0,0,43.06999969482422,0.0,100000.0,5105.096290588379,0.05379737047019173,False,43.30500030517578,0.7828576224190849,2023-07-07 13:30:00
2023-07-27 13:30:00,XLE,100000.0,0,42.79499816894531,0.0,100000.0,0.0,0.0,False,43.30500030517578,0.7367861611502511,2023-07-07 13:30:00
2023-07-28 13:30:00,XLE,100000.0,0,42.92499923706055,0.0,100000.0,0.0,0.0,False,43.47999954223633,0.744286128452846,2023-07-07 13:30:00
2023-07-31 13:30:00,XLE,100000.0,0,43.7400016784668,0.0,100000.0,0.0,0.0,True,43.47999954223633,0.7428577968052456,2023-07-07 13:30:00
2023-08-01 13:30:00,XLE,18.32815170288086,2295,43.53499984741211,99912.82464981079,99931.15280151367,-68.84719848632812,-0.0006884719848633258,False,43.8650016784668,0.7467866625104632,2023-07-07 13:30:00
2023-08-02 13:30:00,XLE,18.32815170288086,2295,42.96500015258789,98604.67535018921,98623.00350189209,-1308.149299621582,-0.013090505442480693,False,43.8650016784668,0.7557152339390346,2023-07-07 13:30:00
2023-08-03 13:30:00,XLE,18.32815170288086,2295,43.400001525878906,99603.00350189209,99621.33165359497,998.3281517028809,0.010122670333029715,False,43.8650016784668,0.7371436527797154,2023-07-07 13:30:00
2023-08-04 13:30:00,XLE,18.32815170288086,2295,43.459999084472656,99740.69789886475,99759.02605056763,137.69439697265625,0.001382177839696519,False,43.8650016784668,0.7628577096121651,2023-07-07 13:30:00
2023-08-07 13:30:00,XLE,18.32815170288086,2295,43.5099983215332,99855.4461479187,99873.77429962158,114.74824905395508,0.001150254303763809,False,44.119998931884766,0.7214290073939732,2023-07-07 13:30:00
2023-08-08 13:30:00,XLE,18.32815170289541,2295,43.724998474121094,100348.87149810791,100367.1996498108,493.42535018922354,0.004940489669579717,False,44.119998931884766,0.767857415335519,2023-07-07 13:30:00
2023-08-09 13:30:00,XLE,18.32815170288086,2295,44.275001525878906,101611.12850189209,101629.45665359497,1262.2570037841651,0.012576389579347369,True,44.119998931884766,0.7953572954450335,2023-07-07 13:30:00
2023-08-10 13:30:00,XLE,18.32815170288086,2295,44.27000045776367,101599.65105056763,101617.97920227051,-11.47745132446289,-0.00011293429781467079,False,44.68000030517578,0.8217860630580357,2023-07-07 13:30:00
2023-08-11 13:30:00,XLE,18.328151702866307,2295,44.95000076293945,103160.25175094604,103178.57990264891,1560.6007003784034,0.015357525436242137,True,44.845001220703125,0.8053575243268695,2023-07-07 13:30:00
2023-08-14 13:30:00,XLE,18.32815170288086,2295,44.7599983215332,102724.1961479187,102742.52429962158,-436.0556030273292,-0.004226222181374806,False,45.0,0.7864289964948382,2023-07-07 13:30:00
2023-08-15 13:30:00,XLE,18.32815170289541,2295,43.83000183105469,100589.85420227051,100608.1823539734,-2134.341945648179,-0.02077369580120425,False,45.0,0.8157144274030413,2023-07-07 13:30:00
2023-08-16 13:30:00,XLE,18.32815170288086,2295,43.45000076293945,99717.75175094604,99736.07990264893,-872.1024513244774,-0.008668305409356591,False,45.0,0.8246429988316127,2023-07-07 13:30:00
2023-08-17 13:30:00,XLE,18.328151702866307,2295,43.970001220703125,100911.15280151367,100929.48095321654,1193.4010505676124,0.0119655901027238,False,45.0,0.8592856270926339,2023-07-07 13:30:00
2023-08-18 13:30:00,XLE,18.328151702866307,2295,44.404998779296875,101909.47219848633,101927.8003501892,998.3193969726562,0.00989125662337842,False,45.0,0.8553567613874163,2023-07-07 13:30:00
2023-08-21 13:30:00,XLE,18.32815170288086,2295,44.125,101266.875,101285.20315170288,-642.5971984863136,-0.006304435063629099,False,45.0,0.8746422358921596,2023-07-07 13:30:00
2023-08-22 13:30:00,XLE,18.32815170288086,2295,43.78499984741211,100486.57464981079,100504.90280151367,-780.300350189209,-0.007703991559561696,False,45.0,0.8489279065813337,2023-07-07 13:30:00
2023-08-23 13:30:00,XLE,99414.78130340576,0,43.67499923706055,0.0,99414.78130340576,-1090.1214981079102,-0.010846450946386033,False,45.0,0.8421421051025391,2023-07-07 13:30:00
2023-08-24 13:30:00,XLE,99414.78130340576,0,43.375,0.0,99414.78130340576,0.0,0.0,False,45.0,0.8324993678501674,2023-07-07 13:30:00
2023-08-25 13:30:00,XLE,99414.78130340576,0,43.79499816894531,0.0,99414.78130340576,0.0,0.0,False,45.0,0.8571423121861049,2023-07-07 13:30:00
2023-08-28 13:30:00,XLE,99414.78130340576,0,44.09000015258789,0.0,99414.78130340576,0.0,0.0,False,44.94499969482422,0.8117852892194476,2023-07-07 13:30:00
2023-08-29 13:30:00,XLE,99414.78130340576,0,44.209999084472656,0.0,99414.78130340576,0.0,0.0,False,44.76499938964844,0.7782137734549386,2023-07-07 13:30:00
2023-08-30 13:30:00,XLE,99414.78130340576,0,44.43000030517578,0.0,99414.78130340576,0.0,0.0,False,44.76499938964844,0.7371422903878349,2023-07-07 13:30:00
2023-08-31 13:30:00,XLE,99414.78130340576,0,44.459999084472656,0.0,99414.78130340576,0.0,0.0,False,44.76499938964844,0.7207137516566685,2023-07-07 13:30:00
2023-09-01 13:30:00,XLE,99414.78130340576,0,45.369998931884766,0.0,99414.78130340576,0.0,0.0,True,44.76499938964844,0.7542849949428013,2023-07-07 13:30:00
2023-09-05 13:30:00,XLE,-549.5936965942383,2191,45.61000061035156,99931.51133728027,99381.91764068604,-32.86366271972656,-0.0003305711916161691,True,45.41999816894531,0.732499531337193,2023-07-07 13:30:00
2023-09-06 13:30:00,XLE,-549.5936965942383,2191,45.630001068115234,99975.33234024048,99425.73864364624,43.82100296020508,0.0004409353733607624,False,46.07500076293945,0.7074996403285435,2023-07-07 13:30:00
2023-09-07 13:30:00,XLE,-549.5936965942383,2191,45.584999084472656,99876.73299407959,99327.13929748535,-98.59934616088867,-0.0009916883445471036,False,46.07500076293945,0.6596426282610212,2023-07-07 13:30:00
2023-09-08 13:30:00,XLE,-549.5936965942383,2191,46.025001525878906,100840.77834320068,100291.18464660645,964.0453491210938,0.009705759734343733,False,46.07500076293945,0.6514284951346261,2023-07-07 13:30:00
2023-09-11 13:30:00,XLE,-549.5936965942383,2191,45.41999816894531,99515.21598815918,98965.62229156494,-1325.562355041504,-0.013217137275946533,False,46.35499954223633,0.6742856161934989,2023-07-07 13:30:00
2023-09-12 13:30:00,XLE,-549.5936965942383,2191,46.4900016784668,101859.59367752075,101309.99998092651,2344.3776893615723,0.023688808649681814,False,46.5,0.7132143293108258,2023-07-07 13:30:00
2023-09-13 13:30:00,XLE,-549.5936965942383,2191,46.13999938964844,101092.73866271973,100543.14496612549,-766.8550148010254,-0.007569391125707203,False,46.540000915527344,0.7046429770333427,2023-07-07 13:30:00
2023-09-14 13:30:00,XLE,-549.5936965942237,2191,46.68000030517578,102275.88066864014,101726.28697204591,1183.1420059204247,0.011767505445737125,True,46.630001068115234,0.713214601789202,2023-07-07 13:30:00
2023-09-15 13:30:00,XLE,-549.5936965942383,2191,46.005001068115234,100796.95734024048,100247.36364364624,-1478.9233283996728,-0.014538261175364386,False,46.845001220703125,0.7089290618896484,2023-07-07 13:30:00
2023-09-18 13:30:00,XLE,-549.5936965942383,2191,46.05500030517578,100906.50566864014,100356.9119720459,109.5483283996582,0.0010927801432172313,False,46.845001220703125,0.7042863028390067,2023-07-07 13:30:00
2023-09-19 13:30:00,XLE,-549.5936965942383,2191,45.625,99964.375,99414.78130340576,-942.1306686401367,-0.009387800502496213,False,46.845001220703125,0.7489291599818638,2023-07-07 13:30:00
2023-09-20 13:30:00,XLE,-549.5936965942383,2191,45.20000076293945,99033.20167160034,98483.6079750061,-931.1733283996582,-0.009366548074554393,False,46.845001220703125,0.7807151249476841,2023-07-07 13:30:00
2023-09-21 13:30:00,XLE,-549.5936965942383,2191,44.58000183105469,97674.78401184082,97125.19031524658,-1358.4176597595215,-0.01379333767000368,False,46.845001220703125,0.8221438271658761,2023-07-07 13:30:00
2023-09-22 13:30:00,XLE,-549.5936965942383,2191,44.654998779296875,97839.10232543945,97289.50862884521,164.3183135986328,0.0016918197335344942,False,46.845001220703125,0.7989294869559151,2023-07-07 13:30:00
2023-09-25 13:30:00,XLE,-549.5936965942383,2191,45.21500015258789,99066.06533432007,98516.47163772583,1226.9630088806152,0.01261146269698421,False,46.845001220703125,0.8021436418805804,2023-07-07 13:30:00
2023-09-26 13:30:00,XLE,-549.5936965942383,2191,44.95500183105469,98496.40901184082,97946.81531524658,-569.656322479248,-0.0057823459672210475,False,46.845001220703125,0.7942861829485212,2023-07-07 13:30:00
2023-09-27 13:30:00,XLE,99173.76996612549,0,46.07500076293945,0.0,99173.76996612549,1226.9546508789062,0.01252674369176665,False,46.845001220703125,0.8514289855957031,2023-07-07 13:30:00
2023-09-28 13:30:00,XLE,99173.76996612549,0,46.125,0.0,99173.76996612549,0.0,0.0,False,46.845001220703125,0.8410718100411552,2023-07-07 13:30:00
2023-09-29 13:30:00,XLE,99173.76996612549,0,45.19499969482422,0.0,99173.76996612549,0.0,0.0,False,46.70500183105469,0.8371432168143136,2023-07-07 13:30:00
2023-10-02 13:30:00,XLE,99173.76996612549,0,44.29499816894531,0.0,99173.76996612549,0.0,0.0,False,46.46500015258789,0.8475001198904855,2023-07-07 13:30:00
2023-10-03 13:30:00,XLE,99173.76996612549,0,44.26499938964844,0.0,99173.76996612549,0.0,0.0,False,46.46500015258789,0.8324999128069196,2023-07-07 13:30:00
2023-10-04 13:30:00,XLE,99173.76996612549,0,42.875,0.0,99173.76996612549,0.0,0.0,False,46.39500045776367,0.9114281790597099,2023-07-07 13:30:00
2023-12-22 14:30:00,XLE,100000.0,0,42.4900016784668,0.0,100000.0,826.2300338745117,0.00833113467559743,False,46.279998779296875,0.6960716247558594,2023-10-05 13:30:00
2023-12-26 14:30:00,XLE,100000.0,0,42.85499954223633,0.0,100000.0,0.0,0.0,False,46.279998779296875,0.6800000326974052,2023-10-05 13:30:00
2023-12-27 14:30:00,XLE,100000.0,0,42.665000915527344,0.0,100000.0,0.0,0.0,False,46.279998779296875,0.6578570774623326,2023-10-05 13:30:00
2023-12-28 14:30:00,XLE,100000.0,0,42.01499938964844,0.0,100000.0,0.0,0.0,False,46.279998779296875,0.6467857360839844,2023-10-05 13:30:00
2023-12-29 14:30:00,XLE,100000.0,0,41.91999816894531,0.0,100000.0,0.0,0.0,False,46.279998779296875,0.635357175554548,2023-10-05 13:30:00
2024-01-02 14:30:00,XLE,100000.0,0,42.369998931884766,0.0,100000.0,0.0,0.0,False,46.279998779296875,0.6710714612688337,2023-10-05 13:30:00
2024-01-03 14:30:00,XLE,100000.0,0,43.060001373291016,0.0,100000.0,0.0,0.0,False,46.279998779296875,0.6853569575718471,2023-10-05 13:30:00
2024-01-04 14:30:00,XLE,100000.0,0,42.30500030517578,0.0,100000.0,0.0,0.0,False,46.279998779296875,0.7232142857142857,2023-10-05 13:30:00
2024-03-26 13:30:00,XLE,100000.0,0,46.27000045776367,0.0,100000.0,0.0,0.0,False,46.939998626708984,0.5660711015973773,2024-01-05 14:30:00
2024-03-27 13:30:00,XLE,100000.0,0,46.70000076293945,0.0,100000.0,0.0,0.0,False,46.939998626708984,0.5664283207484654,2024-01-05 14:30:00
2024-03-28 13:30:00,XLE,100000.0,0,47.20500183105469,0.0,100000.0,0.0,0.0,True,46.939998626708984,0.5846424102783203,2024-01-05 14:30:00
2024-04-01 13:30:00,XLE,7.357421875,2112,47.55500030517578,100436.16064453125,100443.51806640625,443.51806640625,0.004435180664062566,True,47.290000915527344,0.5864279610770089,2024-01-05 14:30:00
2024-04-02 13:30:00,XLE,7.357421875,2112,48.220001220703125,101840.642578125,101848.0,1404.48193359375,0.013982803078096184,True,47.69499969482422,0.607499531337193,2024-01-05 14:30:00
2024-04-03 13:30:00,XLE,7.357421875,2112,48.54999923706055,102537.59838867188,102544.95581054688,696.955810546875,0.006843097660699016,True,48.27000045776367,0.5674997057233538,2024-01-05 14:30:00
2024-04-04 13:30:00,XLE,102703.357421875,0,48.52000045776367,0.0,102703.357421875,158.401611328125,0.0015447040771150444,False,48.6150016784668,0.5664280482700893,2024-01-05 14:30:00
2024-04-05 13:30:00,XLE,102703.357421875,0,49.040000915527344,0.0,102703.357421875,0.0,0.0,True,48.79999923706055,0.581071036202567,2024-01-05 14:30:00
2024-06-26 13:30:00,XLE,100000.0,0,45.29499816894531,0.0,100000.0,-2703.357421875,-0.02632199657086587,False,49.48500061035156,0.7103565761021206,2024-04-08 13:30:00
2024-06-27 13:30:00,XLE,100000.0,0,45.400001525878906,0.0,100000.0,0.0,0.0,False,49.48500061035156,0.7007138388497489,2024-04-08 13:30:00
2024-06-28 13:30:00,XLE,100000.0,0,45.57500076293945,0.0,100000.0,0.0,0.0,False,49.48500061035156,0.6839280809674945,2024-04-08 13:30:00
2024-07-01 13:30:00,XLE,100000.0,0,45.599998474121094,0.0,100000.0,0.0,0.0,False,49.48500061035156,0.6946422031947544,2024-04-08 13:30:00
2024-07-02 13:30:00,XLE,100000.0,0,45.564998626708984,0.0,100000.0,0.0,0.0,False,49.48500061035156,0.7060707637241909,2024-04-08 13:30:00
2024-07-03 13:30:00,XLE,100000.0,0,45.76499938964844,0.0,100000.0,0.0,0.0,False,48.525001525878906,0.659642083304269,2024-04-08 13:30:00
2024-07-05 13:30:00,XLE,100000.0,0,45.04999923706055,0.0,100000.0,0.0,0.0,False,48.459999084472656,0.6792850494384766,2024-04-08 13:30:00
2024-07-08 13:30:00,XLE,100000.0,0,44.775001525878906,0.0,100000.0,0.0,0.0,False,48.459999084472656,0.6846422467912946,2024-04-08 13:30:00
2024-09-25 13:30:00,XLE,100000.0,0,43.58000183105469,0.0,100000.0,0.0,0.0,False,47.255001068115234,0.833571297781808,2024-07-09 13:30:00
2024-09-26 13:30:00,XLE,100000.0,0,42.724998474121094,0.0,100000.0,0.0,0.0,False,47.255001068115234,0.8275002070835659,2024-07-09 13:30:00
2024-09-27 13:30:00,XLE,100000.0,0,43.595001220703125,0.0,100000.0,0.0,0.0,False,47.255001068115234,0.8435717991420201,2024-07-09 13:30:00
2024-09-30 13:30:00,XLE,100000.0,0,43.900001525878906,0.0,100000.0,0.0,0.0,False,47.255001068115234,0.806786128452846,2024-07-09 13:30:00
2024-10-01 13:30:00,XLE,100000.0,0,44.900001525878906,0.0,100000.0,0.0,0.0,False,47.255001068115234,0.8464290073939732,2024-07-09 13:30:00
2024-10-02 13:30:00,XLE,100000.0,0,45.36000061035156,0.0,100000.0,0.0,0.0,False,47.255001068115234,0.8532148088727679,2024-07-09 13:30:00
2024-10-03 13:30:00,XLE,100000.0,0,46.15999984741211,0.0,100000.0,0.0,0.0,False,47.255001068115234,0.8878577096121651,2024-07-09 13:30:00
2024-10-04 13:30:00,XLE,100000.0,0,46.59000015258789,0.0,100000.0,0.0,0.0,False,47.255001068115234,0.877143314906529,2024-07-09 13:30:00
2024-12-24 14:30:00,XLE,100000.0,0,42.31999969482422,0.0,100000.0,0.0,0.0,False,48.959999084472656,0.7257134573800224,2024-10-07 13:30:00
2024-12-26 14:30:00,XLE,100000.0,0,42.28499984741211,0.0,100000.0,0.0,0.0,False,48.959999084472656,0.7139276776994977,2024-10-07 13:30:00
2024-12-27 14:30:00,XLE,100000.0,0,42.279998779296875,0.0,100000.0,0.0,0.0,False,48.959999084472656,0.6996421813964844,2024-10-07 13:30:00
2024-12-30 14:30:00,XLE,100000.0,0,42.275001525878906,0.0,100000.0,0.0,0.0,False,48.959999084472656,0.6889280591692243,2024-10-07 13:30:00
2024-12-31 14:30:00,XLE,100000.0,0,42.83000183105469,0.0,100000.0,0.0,0.0,False,48.959999084472656,0.6871425083705357,2024-10-07 13:30:00
2025-01-02 14:30:00,XLE,100000.0,0,43.33000183105469,0.0,100000.0,0.0,0.0,False,48.959999084472656,0.7178568158830915,2024-10-07 13:30:00
2025-01-03 14:30:00,XLE,100000.0,0,43.73500061035156,0.0,100000.0,0.0,0.0,False,48.959999084472656,0.7278567722865513,2024-10-07 13:30:00
2025-01-06 14:30:00,XLE,100000.0,0,43.53499984741211,0.0,100000.0,0.0,0.0,False,48.959999084472656,0.755356924874442,2024-10-07 13:30:00
2025-02-06 14:30:00,XLE,100000.0,0,44.28499984741211,0.0,100000.0,0.0,0.0,False,47.14500045776367,0.8257143838065011,2025-01-07 14:30:00
2025-02-07 14:30:00,XLE,100000.0,0,44.279998779296875,0.0,100000.0,0.0,0.0,False,47.14500045776367,0.809643064226423,2025-01-07 14:30:00
2025-02-10 14:30:00,XLE,100000.0,0,45.255001068115234,0.0,100000.0,0.0,0.0,False,47.14500045776367,0.84857177734375,2025-01-07 14:30:00
2025-02-11 14:30:00,XLE,100000.0,0,45.619998931884766,0.0,100000.0,0.0,0.0,False,47.14500045776367,0.8389287676130023,2025-01-07 14:30:00
2025-02-12 14:30:00,XLE,100000.0,0,44.52000045776367,0.0,100000.0,0.0,0.0,False,47.14500045776367,0.8778574807303292,2025-01-07 14:30:00
2025-02-13 14:30:00,XLE,100000.0,0,44.85499954223633,0.0,100000.0,0.0,0.0,False,47.14500045776367,0.8807146889822823,2025-01-07 14:30:00
2025-02-14 14:30:00,XLE,100000.0,0,45.03499984741211,0.0,100000.0,0.0,0.0,False,47.14500045776367,0.8821435655866351,2025-01-07 14:30:00
2025-02-18 14:30:00,XLE,100000.0,0,45.650001525878906,0.0,100000.0,0.0,0.0,False,47.14500045776367,0.8828580038888114,2025-01-07 14:30:00
2025-02-19 14:30:00,XLE,100000.0,0,46.0099983215332,0.0,100000.0,0.0,0.0,False,47.0,0.903214863368443,2025-01-07 14:30:00
2025-02-20 14:30:00,XLE,100000.0,0,46.43000030517578,0.0,100000.0,0.0,0.0,False,46.650001525878906,0.9228575570242745,2025-01-07 14:30:00
2025-02-21 14:30:00,XLE,100000.0,0,45.46500015258789,0.0,100000.0,0.0,0.0,False,46.5099983215332,0.8960718427385602,2025-01-07 14:30:00
2025-02-24 14:30:00,XLE,100000.0,0,45.474998474121094,0.0,100000.0,0.0,0.0,False,46.5099983215332,0.869286128452846,2025-01-07 14:30:00
2025-02-25 14:30:00,XLE,100000.0,0,44.81999969482422,0.0,100000.0,0.0,0.0,False,46.5099983215332,0.8635714394705636,2025-01-07 14:30:00
2025-02-26 14:30:00,XLE,100000.0,0,44.564998626708984,0.0,100000.0,0.0,0.0,False,46.5099983215332,0.8785713740757534,2025-01-07 14:30:00
2025-02-27 14:30:00,XLE,100000.0,0,44.80500030517578,0.0,100000.0,0.0,0.0,False,46.5099983215332,0.8414282117571149,2025-01-07 14:30:00
2025-02-28 14:30:00,XLE,100000.0,0,45.5,0.0,100000.0,0.0,0.0,False,46.5099983215332,0.8907138279506138,2025-01-07 14:30:00
2025-03-03 14:30:00,XLE,100000.0,0,43.90999984741211,0.0,100000.0,0.0,0.0,False,46.5099983215332,0.9892850603376117,2025-01-07 14:30:00
2025-03-04 14:30:00,XLE,100000.0,0,43.48500061035156,0.0,100000.0,0.0,0.0,False,46.5099983215332,1.0414278847830636,2025-01-07 14:30:00
2025-03-05 14:30:00,XLE,100000.0,0,42.849998474121094,0.0,100000.0,0.0,0.0,False,46.5099983215332,1.0621422358921595,2025-01-07 14:30:00
2025-03-06 14:30:00,XLE,100000.0,0,42.97999954223633,0.0,100000.0,0.0,0.0,False,46.5099983215332,1.0721419198172433,2025-01-07 14:30:00
2025-03-07 14:30:00,XLE,100000.0,0,43.71500015258789,0.0,100000.0,0.0,0.0,False,46.5099983215332,1.0892846243722099,2025-01-07 14:30:00
2025-03-10 13:30:00,XLE,100000.0,0,44.040000915527344,0.0,100000.0,0.0,0.0,False,46.5099983215332,1.0932132175990514,2025-01-07 14:30:00
2025-03-11 13:30:00,XLE,100000.0,0,43.689998626708984,0.0,100000.0,0.0,0.0,False,46.5099983215332,1.104998997279576,2025-01-07 14:30:00
2025-03-12 13:30:00,XLE,100000.0,0,43.88999938964844,0.0,100000.0,0.0,0.0,False,46.5099983215332,1.1014276232038225,2025-01-07 14:30:00
2025-03-13 13:30:00,XLE,100000.0,0,43.59000015258789,0.0,100000.0,0.0,0.0,False,46.5099983215332,1.104998997279576,2025-01-07 14:30:00
2025-03-14 13:30:00,XLE,100000.0,0,44.880001068115234,0.0,100000.0,0.0,0.0,False,46.5099983215332,1.1667845589773995,2025-01-07 14:30:00
2025-03-17 13:30:00,XLE,100000.0,0,45.595001220703125,0.0,100000.0,0.0,0.0,False,46.5099983215332,1.1482132502964564,2025-01-07 14:30:00
2025-03-18 13:30:00,XLE,100000.0,0,45.66999816894531,0.0,100000.0,0.0,0.0,False,46.5099983215332,1.1489276885986328,2025-01-07 14:30:00
2025-03-19 13:30:00,XLE,100000.0,0,46.415000915527344,0.0,100000.0,0.0,0.0,False,46.5099983215332,1.1549993242536272,2025-01-07 14:30:00
2025-03-20 13:30:00,XLE,100000.0,0,46.584999084472656,0.0,100000.0,0.0,0.0,False,46.619998931884766,1.127856663295201,2025-01-07 14:30:00
2025-03-21 13:30:00,XLE,100000.0,0,46.2599983215332,0.0,100000.0,0.0,0.0,False,46.7400016784668,0.998213631766183,2025-01-07 14:30:00
2025-03-24 13:30:00,XLE,100000.0,0,46.42499923706055,0.0,100000.0,0.0,0.0,False,46.7400016784668,0.9403566632952008,2025-01-07 14:30:00
2025-03-25 13:30:00,XLE,100000.0,0,46.6150016784668,0.0,100000.0,0.0,0.0,False,46.7400016784668,0.8778566632952008,2025-01-07 14:30:00
2025-03-26 13:30:00,XLE,100000.0,0,46.88999938964844,0.0,100000.0,0.0,0.0,False,47.02000045776367,0.8678567068917411,2025-01-07 14:30:00
2025-03-27 13:30:00,XLE,100000.0,0,46.435001373291016,0.0,100000.0,0.0,0.0,False,47.40999984741211,0.8410709926060268,2025-01-07 14:30:00
2025-03-28 13:30:00,XLE,100000.0,0,46.21500015258789,0.0,100000.0,0.0,0.0,False,47.40999984741211,0.8114280700683594,2025-01-07 14:30:00
2025-03-31 13:30:00,XLE,100000.0,0,46.724998474121094,0.0,100000.0,0.0,0.0,False,47.40999984741211,0.8110711233956474,2025-01-07 14:30:00
2025-04-01 13:30:00,XLE,100000.0,0,47.0,0.0,100000.0,0.0,0.0,False,47.40999984741211,0.815356935773577,2025-01-07 14:30:00
2025-04-02 13:30:00,XLE,100000.0,0,47.064998626708984,0.0,100000.0,0.0,0.0,False,47.40999984741211,0.7849995749337333,2025-01-07 14:30:00
2025-04-03 13:30:00,XLE,100000.0,0,43.369998931884766,0.0,100000.0,0.0,0.0,False,47.40999984741211,0.953571047101702,2025-01-07 14:30:00
2025-04-04 13:30:00,XLE,100000.0,0,39.380001068115234,0.0,100000.0,0.0,0.0,False,47.40999984741211,1.1699995313371931,2025-01-07 14:30:00
2025-04-07 13:30:00,XLE,100000.0,0,39.125,0.0,100000.0,0.0,0.0,False,47.40999984741211,1.3596423012869698,2025-01-07 14:30:00
2025-04-08 13:30:00,XLE,100000.0,0,38.220001220703125,0.0,100000.0,0.0,0.0,False,47.40999984741211,1.501070840018136,2025-01-07 14:30:00
2025-05-08 13:30:00,XLE,100000.0,0,40.80500030517578,0.0,100000.0,0.0,0.0,False,41.60499954223633,0.9360713958740234,2025-04-09 13:30:00
2025-05-09 13:30:00,XLE,100000.0,0,41.21500015258789,0.0,100000.0,0.0,0.0,False,41.599998474121094,0.8724997384207589,2025-04-09 13:30:00
2025-05-12 13:30:00,XLE,100000.0,0,42.290000915527344,0.0,100000.0,0.0,0.0,True,41.599998474121094,0.9017857142857143,2025-04-09 13:30:00
2025-05-13 13:30:00,XLE,40.0,2352,42.8849983215332,100865.5160522461,100905.5160522461,905.5160522460938,0.009055160522460914,False,42.935001373291016,0.888571058000837,2025-04-09 13:30:00
2025-05-14 13:30:00,XLE,40.0,2352,42.625,100254.0,100294.0,-611.5160522460938,-0.006060283680918599,False,43.224998474121094,0.8639281136648995,2025-04-09 13:30:00
2025-05-15 13:30:00,XLE,40.0,2352,42.80500030517578,100677.36071777344,100717.36071777344,423.3607177734375,0.004221196858968934,False,43.224998474121094,0.8867855072021484,2025-04-09 13:30:00
2025-05-16 13:30:00,XLE,40.0,2352,42.7400016784668,100524.4839477539,100564.4839477539,-152.87677001953125,-0.0015178790322744051,False,43.224998474121094,0.8949999128069196,2025-04-09 13:30:00
2025-05-19 13:30:00,XLE,40.0,2352,42.185001373291016,99219.12322998047,99259.12322998047,-1305.3607177734375,-0.01298033526877751,False,43.224998474121094,0.9157142639160156,2025-04-09 13:30:00
2025-05-20 13:30:00,XLE,40.0,2352,41.79499816894531,98301.83569335938,98341.83569335938,-917.2875366210938,-0.009241342324732837,False,43.224998474121094,0.836071286882673,2025-04-09 13:30:00
2025-05-21 13:30:00,XLE,40.0,2352,41.025001525878906,96490.80358886719,96530.80358886719,-1811.0321044921875,-0.018415683332769883,False,43.224998474121094,0.8192852565220424,2025-04-09 13:30:00
2025-05-22 13:30:00,XLE,40.0,2352,40.8650016784668,96114.4839477539,96154.4839477539,-376.31964111328125,-0.003898440985905971,False,43.224998474121094,0.7982136862618583,2025-04-09 13:30:00
2025-05-23 13:30:00,XLE,40.0,2352,40.994998931884766,96420.23748779297,96460.23748779297,305.7535400390625,0.003179815724508428,False,43.224998474121094,0.7728563036237445,2025-04-09 13:30:00
2025-05-27 13:30:00,XLE,40.0,2352,41.349998474121094,97255.19641113281,97295.19641113281,834.9589233398438,0.008655990748991371,False,43.224998474121094,0.7632135663713727,2025-04-09 13:30:00
2025-05-28 13:30:00,XLE,40.0,2352,40.82500076293945,96020.4017944336,96060.4017944336,-1234.7946166992188,-0.012691218706023744,False,43.224998474121094,0.794999258858817,2025-04-09 13:30:00
2025-05-29 13:30:00,XLE,96213.27856445312,0,41.130001068115234,0.0,96213.27856445312,152.87677001953125,0.0015914650278756604,False,43.224998474121094,0.753213609967913,2025-04-09 13:30:00
2025-05-30 13:30:00,XLE,96213.27856445312,0,40.76499938964844,0.0,96213.27856445312,0.0,0.0,False,43.224998474121094,0.7585710797991071,2025-04-09 13:30:00
2025-06-02 13:30:00,XLE,96213.27856445312,0,41.29999923706055,0.0,96213.27856445312,0.0,0.0,False,43.224998474121094,0.6942852565220424,2025-04-09 13:30:00
2025-06-03 13:30:00,XLE,96213.27856445312,0,41.790000915527344,0.0,96213.27856445312,0.0,0.0,False,43.224998474121094,0.7067854745047433,2025-04-09 13:30:00
2025-06-04 13:30:00,XLE,96213.27856445312,0,40.974998474121094,0.0,96213.27856445312,0.0,0.0,False,43.224998474121094,0.7599999564034599,2025-04-09 13:30:00
2025-06-05 13:30:00,XLE,96213.27856445312,0,40.935001373291016,0.0,96213.27856445312,0.0,0.0,False,43.224998474121094,0.7328567504882812,2025-04-09 13:30:00
2025-06-06 13:30:00,XLE,96213.27856445312,0,41.70500183105469,0.0,96213.27856445312,0.0,0.0,False,43.224998474121094,0.7524997166224888,2025-04-09 13:30:00
2025-06-09 13:30:00,XLE,96213.27856445312,0,41.78499984741211,0.0,96213.27856445312,0.0,0.0,False,43.224998474121094,0.7392853328159877,2025-04-09 13:30:00
2025-06-10 13:30:00,XLE,96213.27856445312,0,42.529998779296875,0.0,96213.27856445312,0.0,0.0,False,43.224998474121094,0.7767854418073382,2025-04-09 13:30:00
2025-06-11 13:30:00,XLE,96213.27856445312,0,43.14500045776367,0.0,96213.27856445312,0.0,0.0,False,43.224998474121094,0.7796426500592913,2025-04-09 13:30:00
2025-06-12 13:30:00,XLE,96213.27856445312,0,43.29499816894531,0.0,96213.27856445312,0.0,0.0,True,43.21500015258789,0.7753571101597377,2025-04-09 13:30:00
2025-06-13 13:30:00,XLE,-3772.755397796631,2267,44.04999923706055,99861.34827041626,96088.59287261963,-124.6856918334961,-0.0012959301844180926,True,43.310001373291016,0.8025003160749163,2025-04-09 13:30:00
2025-06-16 13:30:00,XLE,-3772.755397796631,2267,43.91999816894531,99566.63584899902,95793.88045120239,-294.7124214172363,-0.003067090615094359,False,44.28499984741211,0.8271429879324776,2025-04-09 13:30:00
2025-06-17 13:30:00,XLE,-3772.755397796631,2267,44.33000183105469,100496.11415100098,96723.35875320435,929.4783020019531,0.009702898531972926,False,44.375,0.8117861066545758,2025-04-09 13:30:00
2025-06-18 13:30:00,XLE,-3772.755397796631,2267,44.040000915527344,99838.68207550049,96065.92667770386,-657.4320755004883,-0.006797035214399116,False,44.65999984741211,0.8314290727887835,2025-04-09 13:30:00
2025-06-20 13:30:00,XLE,-3772.755397796631,2267,44.4900016784668,100858.83380508423,97086.0784072876,1020.1517295837402,0.010619287866823868,False,44.71500015258789,0.8232146671840123,2025-04-09 13:30:00
2025-06-23 13:30:00,XLE,-3772.755397796631,2267,43.01499938964844,97515.00361633301,93742.24821853638,-3343.8301887512207,-0.03444191220417259,False,44.71500015258789,0.8992859976632255,2025-04-09 13:30:00
2025-06-24 13:30:00,XLE,-3772.755397796631,2267,42.45500183105469,96245.48915100098,92472.73375320435,-1269.5144653320312,-0.01354260740976132,False,44.71500015258789,0.8714288984026227,2025-04-09 13:30:00
2025-06-25 13:30:00,XLE,92359.37683486938,0,42.27000045776367,0.0,92359.37683486938,-113.35691833496094,-0.0012258415398153089,False,44.71500015258789,0.8185716356549945,2025-04-09 13:30:00
2025-06-26 13:30:00,XLE,92359.37683486938,0,42.875,0.0,92359.37683486938,0.0,0.0,False,44.71500015258789,0.8350004468645368,2025-04-09 13:30:00
2025-06-27 13:30:00,XLE,92359.37683486938,0,42.650001525878906,0.0,92359.37683486938,0.0,0.0,False,44.71500015258789,0.8053575243268695,2025-04-09 13:30:00
2025-06-30 13:30:00,XLE,92359.37683486938,0,42.404998779296875,0.0,92359.37683486938,0.0,0.0,False,44.71500015258789,0.7846431732177734,2025-04-09 13:30:00
2025-07-01 13:30:00,XLE,92359.37683486938,0,42.72999954223633,0.0,92359.37683486938,0.0,0.0,False,44.71500015258789,0.7725001743861607,2025-04-09 13:30:00
2025-07-02 13:30:00,XLE,92359.37683486938,0,43.46500015258789,0.0,92359.37683486938,0.0,0.0,False,44.71500015258789,0.7800001416887555,2025-04-09 13:30:00
2025-07-03 13:30:00,XLE,92359.37683486938,0,43.51499938964844,0.0,92359.37683486938,0.0,0.0,False,44.71500015258789,0.7564285823277065,2025-04-09 13:30:00
2025-07-07 13:30:00,XLE,92359.37683486938,0,43.095001220703125,0.0,92359.37683486938,0.0,0.0,False,44.71500015258789,0.7474997384207589,2025-04-09 13:30:00
2025-07-08 13:30:00,XLE,92359.37683486938,0,44.255001068115234,0.0,92359.37683486938,0.0,0.0,False,44.71500015258789,0.7899998256138393,2025-04-09 13:30:00
2025-07-09 13:30:00,XLE,92359.37683486938,0,44.029998779296875,0.0,92359.37683486938,0.0,0.0,False,44.71500015258789,0.7671424320765904,2025-04-09 13:30:00
2025-07-10 13:30:00,XLE,92359.37683486938,0,44.3650016784668,0.0,92359.37683486938,0.0,0.0,False,44.71500015258789,0.7671421595982143,2025-04-09 13:30:00
2025-07-30 13:30:00,XLE,100000.0,0,43.84000015258789,0.0,100000.0,7640.623165130615,0.08272709742066997,False,44.4900016784668,0.6832141876220703,2025-07-11 13:30:00
2025-07-31 13:30:00,XLE,100000.0,0,43.60499954223633,0.0,100000.0,0.0,0.0,False,44.4900016784668,0.6949996948242188,2025-07-11 13:30:00
2025-08-01 13:30:00,XLE,100000.0,0,42.79499816894531,0.0,100000.0,0.0,0.0,False,44.4900016784668,0.7178568158830915,2025-07-11 13:30:00
2025-08-04 13:30:00,XLE,100000.0,0,42.70000076293945,0.0,100000.0,0.0,0.0,False,44.4900016784668,0.701071058000837,2025-07-11 13:30:00
2025-08-05 13:30:00,XLE,100000.0,0,42.755001068115234,0.0,100000.0,0.0,0.0,False,44.4900016784668,0.6953566414969308,2025-07-11 13:30:00
2025-08-06 13:30:00,XLE,100000.0,0,42.36000061035156,0.0,100000.0,0.0,0.0,False,44.4900016784668,0.7228567940848214,2025-07-11 13:30:00
2025-08-07 13:30:00,XLE,100000.0,0,42.19499969482422,0.0,100000.0,0.0,0.0,False,44.4900016784668,0.7142854418073382,2025-07-11 13:30:00
2025-08-08 13:30:00,XLE,100000.0,0,42.46500015258789,0.0,100000.0,0.0,0.0,False,44.4900016784668,0.7171426500592913,2025-07-11 13:30:00
2025-08-11 13:30:00,XLE,100000.0,0,42.125,0.0,100000.0,0.0,0.0,False,44.4900016784668,0.7285712105887276,2025-07-11 13:30:00
2025-08-12 13:30:00,XLE,100000.0,0,42.33000183105469,0.0,100000.0,0.0,0.0,False,44.4900016784668,0.7228570665631976,2025-07-11 13:30:00
2025-08-13 13:30:00,XLE,100000.0,0,42.81999969482422,0.0,100000.0,0.0,0.0,False,44.224998474121094,0.718571526663644,2025-07-11 13:30:00
2025-08-14 13:30:00,XLE,100000.0,0,42.779998779296875,0.0,100000.0,0.0,0.0,False,44.11000061035156,0.7192859649658203,2025-07-11 13:30:00
2025-08-15 13:30:00,XLE,100000.0,0,42.779998779296875,0.0,100000.0,0.0,0.0,False,43.595001220703125,0.7228573390415737,2025-07-11 13:30:00
2025-08-18 13:30:00,XLE,100000.0,0,42.525001525878906,0.0,100000.0,0.0,0.0,False,43.275001525878906,0.7214287349155971,2025-07-11 13:30:00
2025-08-19 13:30:00,XLE,100000.0,0,42.540000915527344,0.0,100000.0,0.0,0.0,False,43.275001525878906,0.6917860848563058,2025-07-11 13:30:00
2025-08-20 13:30:00,XLE,100000.0,0,42.89500045776367,0.0,100000.0,0.0,0.0,False,43.275001525878906,0.6775003160749163,2025-07-11 13:30:00
2025-08-21 13:30:00,XLE,100000.0,0,43.189998626708984,0.0,100000.0,0.0,0.0,False,43.26499938964844,0.6442860194614956,2025-07-11 13:30:00
2025-08-22 13:30:00,XLE,100000.0,0,44.06999969482422,0.0,100000.0,0.0,0.0,True,43.28499984741211,0.6746431078229632,2025-07-11 13:30:00
2025-08-25 13:30:00,XLE,34.96208190917969,2274,44.185001373291016,100476.69312286377,100511.65520477295,511.6552047729492,0.005116552047729428,True,44.17499923706055,0.6592862265450614,2025-07-11 13:30:00
2025-08-26 13:30:00,XLE,34.96208190917969,2274,44.1150016784668,100317.5138168335,100352.47589874268,-159.17930603027344,-0.0015836900278477506,False,44.2400016784668,0.619286128452846,2025-07-11 13:30:00
2025-08-27 13:30:00,XLE,34.962081909165136,2274,44.61000061035156,101443.14138793945,101478.10346984862,1125.6275711059425,0.01121673940802137,True,44.2400016784668,0.6067861829485212,2025-07-11 13:30:00
2025-08-28 13:30:00,XLE,34.96208190917969,2274,44.95000076293945,102216.30173492432,102251.2638168335,773.1603469848778,0.007618986959236906,True,44.77000045776367,0.6075003487723214,2025-07-11 13:30:00
2025-08-29 13:30:00,XLE,34.96208190917969,2274,45.19499969482422,102773.42930603027,102808.39138793945,557.127571105957,0.005448613056792784,True,45.01499938964844,0.5871432168143136,2025-07-11 13:30:00
2025-09-02 13:30:00,XLE,34.96208190919424,2274,45.2599983215332,102921.2361831665,102956.1982650757,147.80687713624502,0.0014376927324784017,False,45.310001373291016,0.5864287785121373,2025-07-11 13:30:00
2025-09-03 13:30:00,XLE,34.962081909165136,2274,44.244998931884766,100613.12757110596,100648.08965301512,-2308.108612060576,-0.02241835509619361,False,45.34000015258789,0.6267858232770648,2025-07-11 13:30:00
2025-09-04 13:30:00,XLE,34.96208190917969,2274,44.540000915527344,101283.96208190918,101318.92416381836,670.8345108032372,0.0066651489672178155,False,45.34000015258789,0.6371427263532367,2025-07-11 13:30:00
2025-09-05 13:30:00,XLE,34.96208190917969,2274,43.68000030517578,99328.32069396973,99363.2827758789,-1955.6413879394531,-0.019301837283402845,False,45.34000015258789,0.6700000762939453,2025-07-11 13:30:00
2025-09-08 13:30:00,XLE,34.96208190917969,2274,43.58000183105469,99100.92416381836,99135.88624572754,-227.3965301513672,-0.0022885368095605374,False,45.34000015258789,0.692857197352818,2025-07-11 13:30:00
2025-09-09 13:30:00,XLE,34.96208190917969,2274,43.790000915527344,99578.46208190918,99613.42416381836,477.5379180908203,0.004817003571311762,False,45.34000015258789,0.7167854309082031,2025-07-11 13:30:00
2025-09-10 13:30:00,XLE,99840.82069396973,0,44.55500030517578,0.0,99840.82069396973,227.3965301513672,0.0022827900161066506,False,45.34000015258789,0.7353570120675224,2025-07-11 13:30:00
2025-09-11 13:30:00,XLE,99840.82069396973,0,44.564998626708984,0.0,99840.82069396973,0.0,0.0,False,45.34000015258789,0.7364286695207868,2025-07-11 13:30:00
2025-09-12 13:30:00,XLE,99840.82069396973,0,44.29999923706055,0.0,99840.82069396973,0.0,0.0,False,45.34000015258789,0.7132143293108258,2025-07-11 13:30:00
2025-09-15 13:30:00,XLE,99840.82069396973,0,44.150001525878906,0.0,99840.82069396973,0.0,0.0,False,45.34000015258789,0.7132140568324498,2025-07-11 13:30:00
2025-09-16 13:30:00,XLE,99840.82069396973,0,44.88999938964844,0.0,99840.82069396973,0.0,0.0,False,45.34000015258789,0.7417853219168526,2025-07-11 13:30:00
2025-09-17 13:30:00,XLE,99840.82069396973,0,44.994998931884766,0.0,99840.82069396973,0.0,0.0,False,45.275001525878906,0.7349997929164341,2025-07-11 13:30:00
2025-09-18 13:30:00,XLE,99840.82069396973,0,44.85499954223633,0.0,99840.82069396973,0.0,0.0,False,45.310001373291016,0.7296428680419922,2025-07-11 13:30:00
2025-09-19 13:30:00,XLE,99840.82069396973,0,44.2599983215332,0.0,99840.82069396973,0.0,0.0,False,45.310001373291016,0.7546427590506417,2025-07-11 13:30:00
2025-09-22 13:30:00,XLE,99840.82069396973,0,43.834999084472656,0.0,99840.82069396973,0.0,0.0,False,45.310001373291016,0.7617855072021484,2025-07-11 13:30:00
2025-09-23 13:30:00,XLE,99840.82069396973,0,44.59000015258789,0.0,99840.82069396973,0.0,0.0,False,45.310001373291016,0.7657141004289899,2025-07-11 13:30:00
2025-09-24 13:30:00,XLE,99840.82069396973,0,45.16999816894531,0.0,99840.82069396973,0.0,0.0,False,45.310001373291016,0.7896428789411273,2025-07-11 13:30:00
2025-09-25 13:30:00,XLE,99840.82069396973,0,45.57500076293945,0.0,99840.82069396973,0.0,0.0,False,45.59000015258789,0.7539283207484654,2025-07-11 13:30:00
2025-09-26 13:30:00,XLE,99840.82069396973,0,45.994998931884766,0.0,99840.82069396973,0.0,0.0,True,45.619998931884766,0.7582141331263951,2025-07-11 13:30:00
2025-09-29 13:30:00,XLE,-141.75263595581055,2189,45.150001525878906,98833.35334014893,98691.60070419312,-1149.2199897766113,-0.011510522267231593,False,46.45500183105469,0.776071275983538,2025-07-11 13:30:00
2025-09-30 13:30:00,XLE,-141.75263595581055,2189,44.66999816894531,97782.62599182129,97640.87335586548,-1050.7273483276367,-0.010646573171682272,False,46.45500183105469,0.7789284842354911,2025-07-11 13:30:00
2025-10-01 13:30:00,XLE,-141.75263595581055,2189,44.66999816894531,97782.62599182129,97640.87335586548,0.0,0.0,False,46.45500183105469,0.7664282662527901,2025-07-11 13:30:00
2025-10-02 13:30:00,XLE,-141.75263595581055,2189,44.220001220703125,96797.58267211914,96655.83003616333,-985.0433197021484,-0.010088432086345911,False,46.45500183105469,0.7757140568324498,2025-07-11 13:30:00
2025-10-03 13:30:00,XLE,97148.3516960144,0,44.45500183105469,0.0,97148.3516960144,492.5216598510742,0.005095622888622531,False,46.45500183105469,0.7807140350341797,2025-07-11 13:30:00
2025-10-06 13:30:00,XLE,97148.3516960144,0,44.67499923706055,0.0,97148.3516960144,0.0,0.0,False,46.45500183105469,0.7517855507986886,2025-07-11 13:30:00
2025-10-07 13:30:00,XLE,97148.3516960144,0,44.744998931884766,0.0,97148.3516960144,0.0,0.0,False,46.45500183105469,0.7624994005475726,2025-07-11 13:30:00
2025-10-08 13:30:00,XLE,97148.3516960144,0,44.48500061035156,0.0,97148.3516960144,0.0,0.0,False,46.45500183105469,0.761427743094308,2025-07-11 13:30:00
2025-10-28 13:30:00,XLE,100000.0,0,43.68000030517578,0.0,100000.0,2851.6483039855957,0.029353542846600744,False,44.779998779296875,0.7589285714285714,2025-10-09 13:30:00
2025-10-29 13:30:00,XLE,100000.0,0,44.005001068115234,0.0,100000.0,0.0,0.0,False,44.779998779296875,0.7207142966134208,2025-10-09 13:30:00
2025-10-30 13:30:00,XLE,100000.0,0,43.744998931884766,0.0,100000.0,0.0,0.0,False,44.779998779296875,0.6735714503696987,2025-10-09 13:30:00
2025-10-31 13:30:00,XLE,100000.0,0,44.064998626708984,0.0,100000.0,0.0,0.0,False,44.779998779296875,0.6750000544956752,2025-10-09 13:30:00
2025-11-03 14:30:00,XLE,100000.0,0,44.06999969482422,0.0,100000.0,0.0,0.0,False,44.779998779296875,0.6546429225376674,2025-10-09 13:30:00
2025-11-04 14:30:00,XLE,100000.0,0,43.595001220703125,0.0,100000.0,0.0,0.0,False,44.779998779296875,0.6560712541852679,2025-10-09 13:30:00
2025-11-05 14:30:00,XLE,100000.0,0,43.709999084472656,0.0,100000.0,0.0,0.0,False,44.779998779296875,0.6299997057233538,2025-10-09 13:30:00
2025-11-06 14:30:00,XLE,100000.0,0,44.1349983215332,0.0,100000.0,0.0,0.0,False,44.779998779296875,0.6585709708077567,2025-10-09 13:30:00
2025-11-07 14:30:00,XLE,100000.0,0,44.77000045776367,0.0,100000.0,0.0,0.0,True,44.70000076293945,0.6717856270926339,2025-10-09 13:30:00
2025-11-10 14:30:00,XLE,41.10873794555664,2227,45.17499923706055,100604.72330093384,100645.8320388794,645.8320388793945,0.006458320388794014,True,44.875,0.7028568812779018,2025-10-09 13:30:00
2025-11-11 14:30:00,XLE,41.10873794555664,2227,45.76499938964844,101918.65364074707,101959.76237869263,1313.9303398132324,0.013054990089462093,True,45.279998779296875,0.7092854636056083,2025-10-09 13:30:00
2025-11-12 14:30:00,XLE,41.10873794555664,2227,45.125,100493.375,100534.48373794556,-1425.2786407470703,-0.01397883446857584,False,46.084999084472656,0.6967855181012835,2025-10-09 13:30:00
2025-11-13 14:30:00,XLE,41.10873794554209,2227,45.2400016784668,100749.48373794556,100790.5924758911,256.1087379455421,0.00254747155824786,False,46.084999084472656,0.6907141549246651,2025-10-09 13:30:00
2025-11-14 14:30:00,XLE,41.10873794557119,2227,46.0099983215332,102464.26626205444,102505.37500000001,1714.7825241089158,0.017013319219440826,False,46.084999084472656,0.7496427808489118,2025-10-09 13:30:00
2025-11-17 14:30:00,XLE,41.10873794555664,2227,45.16999816894531,100593.58592224121,100634.69466018677,-1870.680339813247,-0.01824958291029366,False,46.11000061035156,0.7878567831856864,2025-10-09 13:30:00
2025-11-18 14:30:00,XLE,41.10873794555664,2227,45.529998779296875,101395.30728149414,101436.4160194397,801.7213592529297,0.007966649692336292,False,46.11000061035156,0.8028569902692523,2025-10-09 13:30:00
2025-11-19 14:30:00,XLE,41.10873794555664,2227,44.939998626708984,100081.37694168091,100122.48567962646,-1313.9303398132324,-0.012953240969805435,False,46.11000061035156,0.8382140568324498,2025-10-09 13:30:00
2025-11-20 14:30:00,XLE,41.10873794555664,2227,44.43000030517578,98945.61067962646,98986.71941757202,-1135.7662620544434,-0.011343768129056353,False,46.11000061035156,0.8907141004289899,2025-10-09 13:30:00
2025-11-21 14:30:00,XLE,41.10873794555664,2227,44.709999084472656,99569.1679611206,99610.27669906616,623.5572814941406,0.006299403446877516,False,46.11000061035156,0.9082140241350446,2025-10-09 13:30:00
2025-11-24 14:30:00,XLE,41.10873794555664,2227,44.584999084472656,99290.7929611206,99331.90169906616,-278.375,-0.0027946413685909777,False,46.11000061035156,0.9042854309082031,2025-10-09 13:30:00
2025-11-25 14:30:00,XLE,41.10873794555664,2227,44.30500030517578,98667.23567962646,98708.34441757202,-623.5572814941406,-0.0062775127711061085,False,46.11000061035156,0.9039282117571149,2025-10-09 13:30:00
2025-11-26 14:30:00,XLE,41.10873794555664,2227,44.63999938964844,99413.27864074707,99454.38737869263,746.0429611206055,0.007558053632878092,False,46.11000061035156,0.8942852020263672,2025-10-09 13:30:00
2025-11-28 14:30:00,XLE,41.10873794554209,2227,45.224998474121094,100716.07160186768,100757.18033981322,1302.792961120591,0.013099401599649285,False,46.11000061035156,0.8999993460518974,2025-10-09 13:30:00
2025-12-01 14:30:00,XLE,41.10873794555664,2227,45.65999984741211,101684.81966018677,101725.92839813232,968.7480583191063,0.009614680115619612,False,46.11000061035156,0.8792852674211774,2025-10-09 13:30:00
2025-12-02 14:30:00,XLE,41.10873794555664,2227,45.06999969482422,100370.88932037354,100411.99805831909,-1313.9303398132324,-0.012916375996794072,False,45.970001220703125,0.8724994659423828,2025-10-09 13:30:00
2025-12-03 14:30:00,XLE,101091.23373794556,0,45.915000915527344,0.0,101091.23373794556,679.2356796264648,0.006764487240179973,True,45.90999984741211,0.8882138388497489,2025-10-09 13:30:00
2025-12-04 14:30:00,XLE,1096.9250679016113,2179,46.11000061035156,100473.69132995605,101570.61639785767,479.3826599121094,0.004742079428516899,True,45.994998931884766,0.8753566741943359,2025-10-09 13:30:00
2025-12-05 14:30:00,XLE,1096.9250679015968,2179,45.91999816894531,100059.67601013184,101156.60107803343,-414.0153198242333,-0.004076132788271236,False,46.185001373291016,0.8432137625558036,2025-10-09 13:30:00
2025-12-08 14:30:00,XLE,1096.9250679016113,2179,45.41999816894531,98970.17601013184,100067.10107803345,-1089.4999999999854,-0.010770429100909862,False,46.65999984741211,0.8167852674211774,2025-10-09 13:30:00
2025-12-09 14:30:00,XLE,1096.9250679015968,2179,45.70000076293945,99580.30166244507,100677.22673034667,610.1256523132179,0.006097165259513648,False,46.65999984741211,0.8067853110177177,2025-10-09 13:30:00
2025-12-10 14:30:00,XLE,1096.9250679016113,2179,46.18000030517578,100626.22066497803,101723.14573287964,1045.9190025329735,0.010388834064076535,False,46.65999984741211,0.7724996294294085,2025-10-09 13:30:00
2025-12-11 14:30:00,XLE,1096.9250679015968,2179,45.959999084472656,100146.83800506592,101243.76307296751,-479.3826599121239,-0.004712621266854677,False,46.65999984741211,0.7024996621268136,2025-10-09 13:30:00
2025-12-12 14:30:00,XLE,1096.9250679016113,2179,45.5099983215332,99166.28634262085,100263.21141052246,-980.5516624450538,-0.009685057456214508,False,46.65999984741211,0.7010713304792132,2025-10-09 13:30:00
2025-12-15 14:30:00,XLE,1096.9250679016113,2179,45.189998626708984,98469.00700759888,99565.93207550049,-697.2793350219727,-0.006954488343356546,False,46.65999984741211,0.6982143947056362,2025-10-09 13:30:00
2025-12-16 14:30:00,XLE,1096.9250679016113,2179,43.810001373291016,95461.99299240112,96558.91806030273,-3007.014015197754,-0.030201234021668633,False,46.65999984741211,0.7535713740757534,2025-10-09 13:30:00
2025-12-17 14:30:00,XLE,97256.1973953247,0,44.779998779296875,0.0,97256.1973953247,697.2793350219727,0.0072212836372762546,False,46.65999984741211,0.7796429225376674,2025-10-09 13:30:00
2025-12-18 14:30:00,XLE,97256.1973953247,0,44.130001068115234,0.0,97256.1973953247,0.0,0.0,False,46.65999984741211,0.7782143184116909,2025-10-09 13:30:00
2025-12-19 14:30:00,XLE,97256.1973953247,0,44.130001068115234,0.0,97256.1973953247,0.0,0.0,False,46.65999984741211,0.7649999346051898,2025-10-09 13:30:00
2025-12-22 14:30:00,XLE,97256.1973953247,0,44.209999084472656,0.0,97256.1973953247,0.0,0.0,False,46.27000045776367,0.7353572845458984,2025-10-09 13:30:00
2025-12-23 14:30:00,XLE,97256.1973953247,0,44.5,0.0,97256.1973953247,0.0,0.0,False,46.27000045776367,0.6935716356549945,2025-10-09 13:30:00
2025-12-24 14:30:00,XLE,97256.1973953247,0,44.369998931884766,0.0,97256.1973953247,0.0,0.0,False,46.27000045776367,0.6807144709995815,2025-10-09 13:30:00
2025-12-26 14:30:00,XLE,97256.1973953247,0,44.20000076293945,0.0,97256.1973953247,0.0,0.0,False,46.25,0.6592856815883091,2025-10-09 13:30:00
2025-12-29 14:30:00,XLE,97256.1973953247,0,44.619998931884766,0.0,97256.1973953247,0.0,0.0,False,46.2400016784668,0.6514287676130023,2025-10-09 13:30:00
2025-12-30 14:30:00,XLE,97256.1973953247,0,44.959999084472656,0.0,97256.1973953247,0.0,0.0,False,45.61000061035156,0.637857164655413,2025-10-09 13:30:00
2025-12-31 14:30:00,XLE,97256.1973953247,0,44.709999084472656,0.0,97256.1973953247,0.0,0.0,False,45.09000015258789,0.6242858341761998,2025-10-09 13:30:00
2026-01-02 14:30:00,XLE,97256.1973953247,0,45.650001525878906,0.0,97256.1973953247,0.0,0.0,True,45.09000015258789,0.6871427808489118,2025-10-09 13:30:00
2026-01-05 14:30:00,XLE,-2723.002281188965,2120,46.88999938964844,99406.79870605469,96683.79642486572,-572.4009704589844,-0.0058854960998763195,True,45.779998779296875,0.7457139151436942,2025-10-09 13:30:00
2026-01-06 14:30:00,XLE,-2723.002281188965,2120,45.63999938964844,96756.79870605469,94033.79642486572,-2650.0,-0.027408936119501126,False,47.31999969482422,0.7985711778913226,2025-10-09 13:30:00
2026-01-07 14:30:00,XLE,94415.39707183838,0,45.130001068115234,0.0,94415.39707183838,381.60064697265625,0.0040581223079465545,False,47.31999969482422,0.7499997275216239,2025-10-09 13:30:00
2026-01-08 14:30:00,XLE,94415.39707183838,0,46.54999923706055,0.0,94415.39707183838,0.0,0.0,False,47.31999969482422,0.7964281354631696,2025-10-09 13:30:00
2026-02-09 14:30:00,XLE,100000.0,0,53.63999938964844,0.0,100000.0,5584.602928161621,0.05914928180530166,True,53.41999816894531,1.125,2026-01-09 14:30:00
2026-02-10 14:30:00,XLE,41.569149017333984,1859,53.58000183105469,99605.22340393066,99646.792552948,-353.20744705200195,-0.0035320744705200635,False,53.720001220703125,1.0607141767229353,2026-01-09 14:30:00
2026-02-11 14:30:00,XLE,41.569149017333984,1859,54.97999954223633,102207.81914901733,102249.38829803467,2602.59574508667,0.026118208909772678,True,53.790000915527344,1.1285711015973772,2026-01-09 14:30:00
2026-02-12 14:30:00,XLE,41.56914901731943,1859,53.97999954223633,100348.81914901733,100390.38829803465,-1859.0000000000146,-0.01818103786187386,False,55.11000061035156,1.164285659790039,2026-01-09 14:30:00
2026-02-13 14:30:00,XLE,41.569149017333984,1859,54.349998474121094,101036.64716339111,101078.21631240845,687.8280143737938,0.00685153256237836,False,55.2400016784668,1.1521429334368025,2026-01-09 14:30:00
2026-02-17 14:30:00,XLE,41.569149017333984,1859,53.75,99921.25,99962.81914901733,-1115.3971633911133,-0.011034990565560565,False,55.2400016784668,1.2285714830671037,2026-01-09 14:30:00
2026-02-18 14:30:00,XLE,41.569149017333984,1859,54.779998779296875,101836.01773071289,101877.58687973022,1914.7677307128906,0.019154799224484487,False,55.2400016784668,1.2664288112095423,2026-01-09 14:30:00
2026-02-19 14:30:00,XLE,41.569149017333984,1859,55.18000030517578,102579.62056732178,102621.18971633911,743.6028366088867,0.0072989836075203485,False,55.2400016784668,1.2250003814697266,2026-01-09 14:30:00
2026-02-20 14:30:00,XLE,41.56914901731943,1859,54.880001068115234,102021.92198562622,102063.49113464354,-557.6985816955712,-0.005434536310065519,False,55.880001068115234,1.1942863464355469,2026-01-09 14:30:00
2026-02-23 14:30:00,XLE,41.569149017333984,1859,55.150001525878906,102523.85283660889,102565.42198562622,501.93085098268057,0.004917829533388485,False,55.880001068115234,1.1785722460065569,2026-01-09 14:30:00
2026-02-24 14:30:00,XLE,41.569149017333984,1859,55.099998474121094,102430.89716339111,102472.46631240845,-92.95567321777344,-0.0009063061548247875,False,55.93000030517578,1.1114294869559151,2026-01-09 14:30:00
2026-02-25 14:30:00,XLE,41.569149017333984,1859,54.869998931884766,102003.32801437378,102044.89716339111,-427.569149017334,-0.0041725271617236714,False,55.93000030517578,1.1035723005022322,2026-01-09 14:30:00
2026-02-26 14:30:00,XLE,41.569149017348536,1859,55.04999923706055,102337.94858169556,102379.5177307129,334.6205673217919,0.0032791504193101506,False,55.93000030517578,1.1150005885532923,2026-01-09 14:30:00
2026-02-27 14:30:00,XLE,41.569149017333984,1859,55.91999816894531,103955.27659606934,103996.84574508667,1617.3280143737647,0.015797378716197796,False,55.93000030517578,1.1157150268554688,2026-01-09 14:30:00
2026-03-02 14:30:00,XLE,107436.0,0,57.040000915527344,0.0,107436.0,3439.15425491333,0.03306979389878095,True,56.150001525878906,1.2028579711914062,2026-01-09 14:30:00
2026-03-03 14:30:00,XLE,7462.621063232422,1742,56.52000045776367,98457.84079742432,105920.46186065674,-1515.5381393432617,-0.01410642744837165,False,57.880001068115234,1.282858167375837,2026-01-09 14:30:00
2026-03-04 14:30:00,XLE,7462.621063232422,1742,56.189998626708984,97882.97760772705,105345.59867095947,-574.8631896972656,-0.005427310073982894,False,57.880001068115234,1.2585724421909876,2026-01-09 14:30:00
2026-03-05 14:30:00,XLE,7462.621063232407,1742,56.47999954223633,98388.15920257568,105850.78026580809,505.18159484861826,0.004795469399974772,False,57.880001068115234,1.222857883998326,2026-01-09 14:30:00
2026-03-06 14:30:00,XLE,7462.621063232436,1742,56.56999969482422,98544.93946838379,106007.56053161623,156.78026580813457,0.0014811441674253967,False,57.880001068115234,1.2514294215611048,2026-01-09 14:30:00
2026-03-09 13:30:00,XLE,7462.621063232422,1742,56.31999969482422,98109.43946838379,105572.06053161621,-435.50000000001455,-0.004108197545684811,False,57.880001068115234,1.2142868041992188,2026-01-09 14:30:00
2026-03-10 13:30:00,XLE,7462.621063232436,1742,55.599998474121094,96855.19734191895,104317.81840515138,-1254.2421264648292,-0.011880436169844577,False,57.880001068115234,1.2128582000732422,2026-01-09 14:30:00
2026-03-11 13:30:00,XLE,7462.621063232407,1742,56.97999954223633,99259.15920257568,106721.78026580809,2403.961860656709,0.023044594848793398,False,57.880001068115234,1.2414294651576452,2026-01-09 14:30:00
2026-03-12 13:30:00,XLE,7462.621063232407,1742,57.5099983215332,100182.41707611084,107645.03813934325,923.2578735351562,0.008651072641738367,False,57.880001068115234,1.2742865426199776,2026-01-09 14:30:00
2026-03-13 13:30:00,XLE,7462.621063232422,1742,57.70000076293945,100513.40132904053,107976.02239227295,330.98425292970205,0.0030747748214947634,False,58.220001220703125,1.2578580038888114,2026-01-09 14:30:00
2026-03-16 13:30:00,XLE,7462.621063232422,1742,57.900001525878906,100861.80265808105,108324.42372131348,348.40132904052734,0.0032266545972103877,False,58.220001220703125,1.2585721697126115,2026-01-09 14:30:00
2026-03-17 13:30:00,XLE,7462.621063232407,1742,58.5099983215332,101924.41707611084,109387.03813934325,1062.6144180297706,0.009809555237178635,True,58.220001220703125,1.2564291272844588,2026-01-09 14:30:00
2026-03-18 13:30:00,XLE,7462.621063232422,1742,58.43000030517578,101785.06053161621,109247.68159484863,-139.35654449461435,-0.0012739767605471908,False,59.04999923706055,1.184286390032087,2026-01-09 14:30:00
2026-03-19 13:30:00,XLE,7462.621063232422,1742,59.36000061035156,103405.12106323242,110867.74212646484,1620.060531616211,0.01482924404404562,True,59.04999923706055,1.189286368233817,2026-01-09 14:30:00
2026-03-20 13:30:00,XLE,7462.621063232436,1742,59.310001373291016,103318.02239227295,110780.64345550539,-87.0986709594581,-0.0007856087739218642,False,59.720001220703125,1.1235719408307756,2026-01-09 14:30:00
2026-03-23 13:30:00,XLE,7462.621063232422,1742,59.630001068115234,103875.46186065674,111338.08292388916,557.4394683837745,0.005031921200274292,False,60.31999969482422,1.1600003923688615,2026-01-09 14:30:00
2026-03-24 13:30:00,XLE,7462.621063232422,1742,60.84000015258789,105983.2802658081,113445.90132904053,2107.818405151367,0.018931693000249217,True,60.31999969482422,1.2064290727887834,2026-01-09 14:30:00
2026-03-25 13:30:00,XLE,112540.06053161621,0,60.56999969482422,0.0,112540.06053161621,-905.8407974243164,-0.00798478205745834,False,61.470001220703125,1.189286368233817,2026-01-09 14:30:00
2026-03-26 13:30:00,XLE,112540.06053161621,0,61.52000045776367,0.0,112540.06053161621,0.0,0.0,True,61.470001220703125,1.1978577205113001,2026-01-09 14:30:00
2026-03-27 13:30:00,XLE,12553.812515258775,1625,62.560001373291016,101660.0022315979,114213.81474685667,1673.754215240464,0.01487251923745192,True,61.86000061035156,1.220714841570173,2026-01-09 14:30:00
2026-03-30 13:30:00,XLE,12553.812515258804,1625,61.959999084472656,100684.99851226807,113238.81102752687,-975.0037193298049,-0.008536653131591798,False,62.790000915527344,1.2628577096121651,2026-01-09 14:30:00
2026-03-31 13:30:00,XLE,12553.812515258775,1625,61.2599983215332,99547.49727249146,112101.30978775023,-1137.5012397766404,-0.010045153507485471,False,63.459999084472656,1.3550006321498327,2026-01-09 14:30:00
2026-04-01 13:30:00,XLE,12553.812515258789,1625,58.970001220703125,95826.25198364258,108380.06449890137,-3721.2452888488624,-0.03319537743042056,False,63.459999084472656,1.47357177734375,2026-01-09 14:30:00
2026-04-02 13:30:00,XLE,110915.06053161621,0,59.25,0.0,110915.06053161621,2534.9960327148438,0.023389873815221174,False,63.459999084472656,1.560000010899135,2026-01-09 14:30:00
2026-04-06 13:30:00,XLE,110915.06053161621,0,59.68000030517578,0.0,110915.06053161621,0.0,0.0,False,63.459999084472656,1.5578572409493583,2026-01-09 14:30:00
2026-04-07 13:30:00,XLE,110915.06053161621,0,60.15999984741211,0.0,110915.06053161621,0.0,0.0,False,63.459999084472656,1.5535717010498047,2026-01-09 14:30:00
2026-04-08 13:30:00,XLE,110915.06053161621,0,58.04999923706055,0.0,110915.06053161621,0.0,0.0,False,63.459999084472656,1.799285888671875,2026-01-09 14:30:00
2026-04-09 13:30:00,XLE,110915.06053161621,0,57.33000183105469,0.0,110915.06053161621,0.0,0.0,False,63.459999084472656,1.8435715266636439,2026-01-09 14:30:00
2026-04-10 13:30:00,XLE,110915.06053161621,0,56.939998626708984,0.0,110915.06053161621,0.0,0.0,False,63.459999084472656,1.846428462437221,2026-01-09 14:30:00
